[
    {
        "model": "organisations.Organisation",
        "pk": 1,
        "fields": {
            "name": "Auckland Tech Solutions",
            "organisation_type": "corp",
            "contact_email": "admin@aucklandtech.co.nz",
            "owner": 1,
            "phone_number": "+6499505000",
            "address": "123 Queen Street, Auckland CBD",
            "website": "https://aucklandtech.co.nz",
            "default_budget_cycle": "m",
            "currency": "NZD",
            "financial_year_start": "04-01",
            "subscription_tier": "ww_growth",
            "billing_cycle": "m",
            "subscription_amount": "199.00",
            "payment_status": "active",
            "is_active": true,
            "max_members": 100,
            "created_at": "2025-11-16T10:25:08.822285Z",
            "updated_at": "2025-11-16T10:25:08.822285Z"
        }
    },
    {
        "model": "organisations.Organisation",
        "pk": 2,
        "fields": {
            "name": "Wellington Community Centre",
            "organisation_type": "nonprofit",
            "contact_email": "info@wellycommunity.org.nz",
            "owner": 7,
            "phone_number": "+6443845000",
            "address": "45 Cuba Street, Wellington",
            "website": "https://wellycommunity.org.nz",
            "default_budget_cycle": "m",
            "currency": "NZD",
            "financial_year_start": "07-01",
            "subscription_tier": "ww_starter",
            "billing_cycle": "m",
            "subscription_amount": "49.00",
            "payment_status": "active",
            "is_active": true,
            "max_members": 50,
            "created_at": "2025-11-16T10:25:08.822285Z",
            "updated_at": "2025-11-16T10:25:08.822285Z"
        }
    },
    {
        "model": "organisations.Organisation",
        "pk": 3,
        "fields": {
            "name": "Otago University Student Finance",
            "organisation_type": "edu",
            "contact_email": "finance@otago.ac.nz",
            "owner": 29,
            "phone_number": "+6434798000",
            "address": "Dunedin, Otago",
            "website": "https://otago.ac.nz",
            "default_budget_cycle": "w",
            "currency": "NZD",
            "financial_year_start": "02-01",
            "subscription_tier": "ww_enterprise",
            "billing_cycle": "y",
            "subscription_amount": "2400.00",
            "payment_status": "active",
            "is_active": true,
            "max_members": 500,
            "created_at": "2025-11-16T10:25:08.822285Z",
            "updated_at": "2025-11-16T10:25:08.822285Z"
        }
    },
    {
        "model": "households.Household",
        "pk": 1,
        "fields": {
            "name": "The Smith-Johnson Family",
            "household_type": "fam",
            "budget_cycle": "m",
            "created_at": "2025-11-16T10:25:08.822285Z",
            "updated_at": "2025-11-16T10:25:08.822285Z"
        }
    },
    {
        "model": "households.Household",
        "pk": 2,
        "fields": {
            "name": "The Patel Household",
            "household_type": "fam",
            "budget_cycle": "f",
            "created_at": "2025-11-16T10:25:08.822285Z",
            "updated_at": "2025-11-16T10:25:08.822285Z"
        }
    },
    {
        "model": "households.Household",
        "pk": 3,
        "fields": {
            "name": "Williams & Chen DINK",
            "household_type": "couple",
            "budget_cycle": "m",
            "created_at": "2025-11-16T10:25:08.822285Z",
            "updated_at": "2025-11-16T10:25:08.822285Z"
        }
    },
    {
        "model": "households.Household",
        "pk": 4,
        "fields": {
            "name": "The Rodriguez Partnership",
            "household_type": "couple",
            "budget_cycle": "m",
            "created_at": "2025-11-16T10:25:08.822285Z",
            "updated_at": "2025-11-16T10:25:08.822285Z"
        }
    },
    {
        "model": "households.Household",
        "pk": 5,
        "fields": {
            "name": "Young Professionals Flat",
            "household_type": "couple",
            "budget_cycle": "w",
            "created_at": "2025-11-16T10:25:08.822285Z",
            "updated_at": "2025-11-16T10:25:08.822285Z"
        }
    },
    {
        "model": "households.Household",
        "pk": 6,
        "fields": {
            "name": "Dunedin Student Flat",
            "household_type": "student",
            "budget_cycle": "w",
            "created_at": "2025-11-16T10:25:08.822285Z",
            "updated_at": "2025-11-16T10:25:08.822285Z"
        }
    },
    {
        "model": "households.Household",
        "pk": 7,
        "fields": {
            "name": "Wellington Flatmates",
            "household_type": "student",
            "budget_cycle": "f",
            "created_at": "2025-11-16T10:25:08.822285Z",
            "updated_at": "2025-11-16T10:25:08.822285Z"
        }
    },
    {
        "model": "households.Household",
        "pk": 8,
        "fields": {
            "name": "Single Professional",
            "household_type": "single",
            "budget_cycle": "m",
            "created_at": "2025-11-16T10:25:08.822285Z",
            "updated_at": "2025-11-16T10:25:08.822285Z"
        }
    },
    {
        "model": "users.User",
        "pk": 1,
        "fields": {
            "email": "sarah.smith@example.com",
            "password": "pbkdf2_sha256$600000$defaultpass$hash",
            "first_name": "Sarah",
            "last_name": "Smith",
            "phone_number": "+64211234001",
            "is_active": true,
            "is_staff": false,
            "email_verified": true,
            "locale": "en-nz",
            "role": "parent",
            "household": 1,
            "created_at": "2025-11-16T10:25:08.822285Z",
            "updated_at": "2025-11-16T10:25:08.822285Z"
        }
    },
    {
        "model": "users.User",
        "pk": 2,
        "fields": {
            "email": "james.johnson@example.com",
            "password": "pbkdf2_sha256$600000$defaultpass$hash",
            "first_name": "James",
            "last_name": "Johnson",
            "phone_number": "+64211234002",
            "is_active": true,
            "is_staff": false,
            "email_verified": true,
            "locale": "en-nz",
            "role": "parent",
            "household": 1,
            "created_at": "2025-11-16T10:25:08.822285Z",
            "updated_at": "2025-11-16T10:25:08.822285Z"
        }
    },
    {
        "model": "users.User",
        "pk": 3,
        "fields": {
            "email": "emma.smith@example.com",
            "password": "pbkdf2_sha256$600000$defaultpass$hash",
            "first_name": "Emma",
            "last_name": "Smith",
            "phone_number": "+64211234003",
            "is_active": true,
            "is_staff": false,
            "email_verified": true,
            "locale": "en-nz",
            "role": "teen",
            "household": 1,
            "created_at": "2025-11-16T10:25:08.822285Z",
            "updated_at": "2025-11-16T10:25:08.822285Z"
        }
    },
    {
        "model": "users.User",
        "pk": 4,
        "fields": {
            "email": "lucas.johnson@example.com",
            "password": "pbkdf2_sha256$600000$defaultpass$hash",
            "first_name": "Lucas",
            "last_name": "Johnson",
            "phone_number": "+64211234004",
            "is_active": true,
            "is_staff": false,
            "email_verified": true,
            "locale": "en-nz",
            "role": "teen",
            "household": 1,
            "created_at": "2025-11-16T10:25:08.822285Z",
            "updated_at": "2025-11-16T10:25:08.822285Z"
        }
    },
    {
        "model": "users.User",
        "pk": 5,
        "fields": {
            "email": "olivia.smith@example.com",
            "password": "pbkdf2_sha256$600000$defaultpass$hash",
            "first_name": "Olivia",
            "last_name": "Smith",
            "phone_number": "+64211234005",
            "is_active": true,
            "is_staff": false,
            "email_verified": true,
            "locale": "en-nz",
            "role": "child",
            "household": 1,
            "created_at": "2025-11-16T10:25:08.822285Z",
            "updated_at": "2025-11-16T10:25:08.822285Z"
        }
    },
    {
        "model": "users.User",
        "pk": 6,
        "fields": {
            "email": "noah.johnson@example.com",
            "password": "pbkdf2_sha256$600000$defaultpass$hash",
            "first_name": "Noah",
            "last_name": "Johnson",
            "phone_number": "+64211234006",
            "is_active": true,
            "is_staff": false,
            "email_verified": true,
            "locale": "en-nz",
            "role": "child",
            "household": 1,
            "created_at": "2025-11-16T10:25:08.822285Z",
            "updated_at": "2025-11-16T10:25:08.822285Z"
        }
    },
    {
        "model": "users.User",
        "pk": 7,
        "fields": {
            "email": "priya.patel@example.com",
            "password": "pbkdf2_sha256$600000$defaultpass$hash",
            "first_name": "Priya",
            "last_name": "Patel",
            "phone_number": "+64211234007",
            "is_active": true,
            "is_staff": false,
            "email_verified": true,
            "locale": "en-nz",
            "role": "parent",
            "household": 2,
            "created_at": "2025-11-16T10:25:08.822285Z",
            "updated_at": "2025-11-16T10:25:08.822285Z"
        }
    },
    {
        "model": "users.User",
        "pk": 8,
        "fields": {
            "email": "raj.patel@example.com",
            "password": "pbkdf2_sha256$600000$defaultpass$hash",
            "first_name": "Raj",
            "last_name": "Patel",
            "phone_number": "+64211234008",
            "is_active": true,
            "is_staff": false,
            "email_verified": true,
            "locale": "en-nz",
            "role": "parent",
            "household": 2,
            "created_at": "2025-11-16T10:25:08.822285Z",
            "updated_at": "2025-11-16T10:25:08.822285Z"
        }
    },
    {
        "model": "users.User",
        "pk": 9,
        "fields": {
            "email": "ananya.patel@example.com",
            "password": "pbkdf2_sha256$600000$defaultpass$hash",
            "first_name": "Ananya",
            "last_name": "Patel",
            "phone_number": "+64211234009",
            "is_active": true,
            "is_staff": false,
            "email_verified": true,
            "locale": "en-nz",
            "role": "teen",
            "household": 2,
            "created_at": "2025-11-16T10:25:08.822285Z",
            "updated_at": "2025-11-16T10:25:08.822285Z"
        }
    },
    {
        "model": "users.User",
        "pk": 10,
        "fields": {
            "email": "arjun.patel@example.com",
            "password": "pbkdf2_sha256$600000$defaultpass$hash",
            "first_name": "Arjun",
            "last_name": "Patel",
            "phone_number": "+64211234010",
            "is_active": true,
            "is_staff": false,
            "email_verified": true,
            "locale": "en-nz",
            "role": "teen",
            "household": 2,
            "created_at": "2025-11-16T10:25:08.822285Z",
            "updated_at": "2025-11-16T10:25:08.822285Z"
        }
    },
    {
        "model": "users.User",
        "pk": 11,
        "fields": {
            "email": "diya.patel@example.com",
            "password": "pbkdf2_sha256$600000$defaultpass$hash",
            "first_name": "Diya",
            "last_name": "Patel",
            "phone_number": "+64211234011",
            "is_active": true,
            "is_staff": false,
            "email_verified": true,
            "locale": "en-nz",
            "role": "child",
            "household": 2,
            "created_at": "2025-11-16T10:25:08.822285Z",
            "updated_at": "2025-11-16T10:25:08.822285Z"
        }
    },
    {
        "model": "users.User",
        "pk": 12,
        "fields": {
            "email": "aiden.patel@example.com",
            "password": "pbkdf2_sha256$600000$defaultpass$hash",
            "first_name": "Aiden",
            "last_name": "Patel",
            "phone_number": "+64211234012",
            "is_active": true,
            "is_staff": false,
            "email_verified": true,
            "locale": "en-nz",
            "role": "child",
            "household": 2,
            "created_at": "2025-11-16T10:25:08.822285Z",
            "updated_at": "2025-11-16T10:25:08.822285Z"
        }
    },
    {
        "model": "users.User",
        "pk": 13,
        "fields": {
            "email": "alex.williams@example.com",
            "password": "pbkdf2_sha256$600000$defaultpass$hash",
            "first_name": "Alex",
            "last_name": "Williams",
            "phone_number": "+64211234013",
            "is_active": true,
            "is_staff": false,
            "email_verified": true,
            "locale": "en-nz",
            "role": "admin",
            "household": 3,
            "created_at": "2025-11-16T10:25:08.822285Z",
            "updated_at": "2025-11-16T10:25:08.822285Z"
        }
    },
    {
        "model": "users.User",
        "pk": 14,
        "fields": {
            "email": "mei.chen@example.com",
            "password": "pbkdf2_sha256$600000$defaultpass$hash",
            "first_name": "Mei",
            "last_name": "Chen",
            "phone_number": "+64211234014",
            "is_active": true,
            "is_staff": false,
            "email_verified": true,
            "locale": "en-nz",
            "role": "admin",
            "household": 3,
            "created_at": "2025-11-16T10:25:08.822285Z",
            "updated_at": "2025-11-16T10:25:08.822285Z"
        }
    },
    {
        "model": "users.User",
        "pk": 15,
        "fields": {
            "email": "carlos.rodriguez@example.com",
            "password": "pbkdf2_sha256$600000$defaultpass$hash",
            "first_name": "Carlos",
            "last_name": "Rodriguez",
            "phone_number": "+64211234015",
            "is_active": true,
            "is_staff": false,
            "email_verified": true,
            "locale": "en-nz",
            "role": "admin",
            "household": 4,
            "created_at": "2025-11-16T10:25:08.822285Z",
            "updated_at": "2025-11-16T10:25:08.822285Z"
        }
    },
    {
        "model": "users.User",
        "pk": 16,
        "fields": {
            "email": "sofia.martinez@example.com",
            "password": "pbkdf2_sha256$600000$defaultpass$hash",
            "first_name": "Sofia",
            "last_name": "Martinez",
            "phone_number": "+64211234016",
            "is_active": true,
            "is_staff": false,
            "email_verified": true,
            "locale": "en-nz",
            "role": "admin",
            "household": 4,
            "created_at": "2025-11-16T10:25:08.822285Z",
            "updated_at": "2025-11-16T10:25:08.822285Z"
        }
    },
    {
        "model": "users.User",
        "pk": 17,
        "fields": {
            "email": "jack.thompson@example.com",
            "password": "pbkdf2_sha256$600000$defaultpass$hash",
            "first_name": "Jack",
            "last_name": "Thompson",
            "phone_number": "+64211234017",
            "is_active": true,
            "is_staff": false,
            "email_verified": true,
            "locale": "en-nz",
            "role": "flatmate",
            "household": 5,
            "created_at": "2025-11-16T10:25:08.822285Z",
            "updated_at": "2025-11-16T10:25:08.822285Z"
        }
    },
    {
        "model": "users.User",
        "pk": 18,
        "fields": {
            "email": "sophie.brown@example.com",
            "password": "pbkdf2_sha256$600000$defaultpass$hash",
            "first_name": "Sophie",
            "last_name": "Brown",
            "phone_number": "+64211234018",
            "is_active": true,
            "is_staff": false,
            "email_verified": true,
            "locale": "en-nz",
            "role": "flatmate",
            "household": 5,
            "created_at": "2025-11-16T10:25:08.822285Z",
            "updated_at": "2025-11-16T10:25:08.822285Z"
        }
    },
    {
        "model": "users.User",
        "pk": 19,
        "fields": {
            "email": "liam.davis@example.com",
            "password": "pbkdf2_sha256$600000$defaultpass$hash",
            "first_name": "Liam",
            "last_name": "Davis",
            "phone_number": "+64211234019",
            "is_active": true,
            "is_staff": false,
            "email_verified": true,
            "locale": "en-nz",
            "role": "flatmate",
            "household": 5,
            "created_at": "2025-11-16T10:25:08.822285Z",
            "updated_at": "2025-11-16T10:25:08.822285Z"
        }
    },
    {
        "model": "users.User",
        "pk": 20,
        "fields": {
            "email": "zoe.wilson@example.com",
            "password": "pbkdf2_sha256$600000$defaultpass$hash",
            "first_name": "Zoe",
            "last_name": "Wilson",
            "phone_number": "+64211234020",
            "is_active": true,
            "is_staff": false,
            "email_verified": true,
            "locale": "en-nz",
            "role": "flatmate",
            "household": 5,
            "created_at": "2025-11-16T10:25:08.822285Z",
            "updated_at": "2025-11-16T10:25:08.822285Z"
        }
    },
    {
        "model": "users.User",
        "pk": 21,
        "fields": {
            "email": "ethan.moore@example.com",
            "password": "pbkdf2_sha256$600000$defaultpass$hash",
            "first_name": "Ethan",
            "last_name": "Moore",
            "phone_number": "+64211234021",
            "is_active": true,
            "is_staff": false,
            "email_verified": true,
            "locale": "en-nz",
            "role": "flatmate",
            "household": 5,
            "created_at": "2025-11-16T10:25:08.822285Z",
            "updated_at": "2025-11-16T10:25:08.822285Z"
        }
    },
    {
        "model": "users.User",
        "pk": 22,
        "fields": {
            "email": "charlotte.taylor@example.com",
            "password": "pbkdf2_sha256$600000$defaultpass$hash",
            "first_name": "Charlotte",
            "last_name": "Taylor",
            "phone_number": "+64211234022",
            "is_active": true,
            "is_staff": false,
            "email_verified": true,
            "locale": "en-nz",
            "role": "flatmate",
            "household": 5,
            "created_at": "2025-11-16T10:25:08.822285Z",
            "updated_at": "2025-11-16T10:25:08.822285Z"
        }
    },
    {
        "model": "users.User",
        "pk": 23,
        "fields": {
            "email": "oliver.anderson@example.com",
            "password": "pbkdf2_sha256$600000$defaultpass$hash",
            "first_name": "Oliver",
            "last_name": "Anderson",
            "phone_number": "+64211234023",
            "is_active": true,
            "is_staff": false,
            "email_verified": true,
            "locale": "en-nz",
            "role": "flatmate",
            "household": 6,
            "created_at": "2025-11-16T10:25:08.822285Z",
            "updated_at": "2025-11-16T10:25:08.822285Z"
        }
    },
    {
        "model": "users.User",
        "pk": 24,
        "fields": {
            "email": "amelia.thomas@example.com",
            "password": "pbkdf2_sha256$600000$defaultpass$hash",
            "first_name": "Amelia",
            "last_name": "Thomas",
            "phone_number": "+64211234024",
            "is_active": true,
            "is_staff": false,
            "email_verified": true,
            "locale": "en-nz",
            "role": "flatmate",
            "household": 6,
            "created_at": "2025-11-16T10:25:08.822285Z",
            "updated_at": "2025-11-16T10:25:08.822285Z"
        }
    },
    {
        "model": "users.User",
        "pk": 25,
        "fields": {
            "email": "mason.jackson@example.com",
            "password": "pbkdf2_sha256$600000$defaultpass$hash",
            "first_name": "Mason",
            "last_name": "Jackson",
            "phone_number": "+64211234025",
            "is_active": true,
            "is_staff": false,
            "email_verified": true,
            "locale": "en-nz",
            "role": "flatmate",
            "household": 6,
            "created_at": "2025-11-16T10:25:08.822285Z",
            "updated_at": "2025-11-16T10:25:08.822285Z"
        }
    },
    {
        "model": "users.User",
        "pk": 26,
        "fields": {
            "email": "isabella.white@example.com",
            "password": "pbkdf2_sha256$600000$defaultpass$hash",
            "first_name": "Isabella",
            "last_name": "White",
            "phone_number": "+64211234026",
            "is_active": true,
            "is_staff": false,
            "email_verified": true,
            "locale": "en-nz",
            "role": "flatmate",
            "household": 6,
            "created_at": "2025-11-16T10:25:08.822285Z",
            "updated_at": "2025-11-16T10:25:08.822285Z"
        }
    },
    {
        "model": "users.User",
        "pk": 27,
        "fields": {
            "email": "william.harris@example.com",
            "password": "pbkdf2_sha256$600000$defaultpass$hash",
            "first_name": "William",
            "last_name": "Harris",
            "phone_number": "+64211234027",
            "is_active": true,
            "is_staff": false,
            "email_verified": true,
            "locale": "en-nz",
            "role": "flatmate",
            "household": 6,
            "created_at": "2025-11-16T10:25:08.822285Z",
            "updated_at": "2025-11-16T10:25:08.822285Z"
        }
    },
    {
        "model": "users.User",
        "pk": 28,
        "fields": {
            "email": "mia.martin@example.com",
            "password": "pbkdf2_sha256$600000$defaultpass$hash",
            "first_name": "Mia",
            "last_name": "Martin",
            "phone_number": "+64211234028",
            "is_active": true,
            "is_staff": false,
            "email_verified": true,
            "locale": "en-nz",
            "role": "flatmate",
            "household": 7,
            "created_at": "2025-11-16T10:25:08.822285Z",
            "updated_at": "2025-11-16T10:25:08.822285Z"
        }
    },
    {
        "model": "users.User",
        "pk": 29,
        "fields": {
            "email": "benjamin.lee@example.com",
            "password": "pbkdf2_sha256$600000$defaultpass$hash",
            "first_name": "Benjamin",
            "last_name": "Lee",
            "phone_number": "+64211234029",
            "is_active": true,
            "is_staff": false,
            "email_verified": true,
            "locale": "en-nz",
            "role": "flatmate",
            "household": 7,
            "created_at": "2025-11-16T10:25:08.822285Z",
            "updated_at": "2025-11-16T10:25:08.822285Z"
        }
    },
    {
        "model": "users.User",
        "pk": 30,
        "fields": {
            "email": "harper.walker@example.com",
            "password": "pbkdf2_sha256$600000$defaultpass$hash",
            "first_name": "Harper",
            "last_name": "Walker",
            "phone_number": "+64211234030",
            "is_active": true,
            "is_staff": false,
            "email_verified": true,
            "locale": "en-nz",
            "role": "flatmate",
            "household": 7,
            "created_at": "2025-11-16T10:25:08.822285Z",
            "updated_at": "2025-11-16T10:25:08.822285Z"
        }
    },
    {
        "model": "users.User",
        "pk": 31,
        "fields": {
            "email": "elijah.hall@example.com",
            "password": "pbkdf2_sha256$600000$defaultpass$hash",
            "first_name": "Elijah",
            "last_name": "Hall",
            "phone_number": "+64211234031",
            "is_active": true,
            "is_staff": false,
            "email_verified": true,
            "locale": "en-nz",
            "role": "flatmate",
            "household": 7,
            "created_at": "2025-11-16T10:25:08.822285Z",
            "updated_at": "2025-11-16T10:25:08.822285Z"
        }
    },
    {
        "model": "users.User",
        "pk": 32,
        "fields": {
            "email": "abigail.allen@example.com",
            "password": "pbkdf2_sha256$600000$defaultpass$hash",
            "first_name": "Abigail",
            "last_name": "Allen",
            "phone_number": "+64211234032",
            "is_active": true,
            "is_staff": false,
            "email_verified": true,
            "locale": "en-nz",
            "role": "flatmate",
            "household": 7,
            "created_at": "2025-11-16T10:25:08.822285Z",
            "updated_at": "2025-11-16T10:25:08.822285Z"
        }
    },
    {
        "model": "users.User",
        "pk": 33,
        "fields": {
            "email": "daniel.young@example.com",
            "password": "pbkdf2_sha256$600000$defaultpass$hash",
            "first_name": "Daniel",
            "last_name": "Young",
            "phone_number": "+64211234033",
            "is_active": true,
            "is_staff": false,
            "email_verified": true,
            "locale": "en-nz",
            "role": "admin",
            "household": 8,
            "created_at": "2025-11-16T10:25:08.822285Z",
            "updated_at": "2025-11-16T10:25:08.822285Z"
        }
    },
    {
        "model": "households.Membership",
        "pk": 1,
        "fields": {
            "user": 1,
            "household": 1,
            "organisation": 1,
            "membership_type": "fw",
            "role": "parent",
            "status": "active",
            "is_active": true,
            "is_primary": true,
            "created_at": "2025-11-16T10:25:08.822285Z",
            "updated_at": "2025-11-16T10:25:08.822285Z",
            "start_date": "2025-11-16T10:25:31.831331Z"
        }
    },
    {
        "model": "households.Membership",
        "pk": 2,
        "fields": {
            "user": 2,
            "household": 1,
            "organisation": 1,
            "membership_type": "fw",
            "role": "parent",
            "status": "active",
            "is_active": true,
            "is_primary": false,
            "created_at": "2025-11-16T10:25:08.822285Z",
            "updated_at": "2025-11-16T10:25:08.822285Z",
            "start_date": "2025-11-16T10:25:31.831331Z"
        }
    },
    {
        "model": "households.Membership",
        "pk": 3,
        "fields": {
            "user": 3,
            "household": 1,
            "organisation": null,
            "membership_type": "fw",
            "role": "teen",
            "status": "active",
            "is_active": true,
            "is_primary": false,
            "created_at": "2025-11-16T10:25:08.822285Z",
            "updated_at": "2025-11-16T10:25:08.822285Z",
            "start_date": "2025-11-16T10:25:31.831331Z"
        }
    },
    {
        "model": "households.Membership",
        "pk": 4,
        "fields": {
            "user": 4,
            "household": 1,
            "organisation": null,
            "membership_type": "fw",
            "role": "teen",
            "status": "active",
            "is_active": true,
            "is_primary": false,
            "created_at": "2025-11-16T10:25:08.822285Z",
            "updated_at": "2025-11-16T10:25:08.822285Z",
            "start_date": "2025-11-16T10:25:31.831331Z"
        }
    },
    {
        "model": "households.Membership",
        "pk": 5,
        "fields": {
            "user": 5,
            "household": 1,
            "organisation": null,
            "membership_type": "fw",
            "role": "child",
            "status": "active",
            "is_active": true,
            "is_primary": false,
            "created_at": "2025-11-16T10:25:08.822285Z",
            "updated_at": "2025-11-16T10:25:08.822285Z",
            "start_date": "2025-11-16T10:25:31.831331Z"
        }
    },
    {
        "model": "households.Membership",
        "pk": 6,
        "fields": {
            "user": 6,
            "household": 1,
            "organisation": null,
            "membership_type": "fw",
            "role": "child",
            "status": "active",
            "is_active": true,
            "is_primary": false,
            "created_at": "2025-11-16T10:25:08.822285Z",
            "updated_at": "2025-11-16T10:25:08.822285Z",
            "start_date": "2025-11-16T10:25:31.831331Z"
        }
    },
    {
        "model": "households.Membership",
        "pk": 7,
        "fields": {
            "user": 7,
            "household": 2,
            "organisation": 2,
            "membership_type": "fw",
            "role": "parent",
            "status": "active",
            "is_active": true,
            "is_primary": true,
            "created_at": "2025-11-16T10:25:08.822285Z",
            "updated_at": "2025-11-16T10:25:08.822285Z",
            "start_date": "2025-11-16T10:25:31.831331Z"
        }
    },
    {
        "model": "households.Membership",
        "pk": 8,
        "fields": {
            "user": 8,
            "household": 2,
            "organisation": 1,
            "membership_type": "fw",
            "role": "parent",
            "status": "active",
            "is_active": true,
            "is_primary": false,
            "created_at": "2025-11-16T10:25:08.822285Z",
            "updated_at": "2025-11-16T10:25:08.822285Z",
            "start_date": "2025-11-16T10:25:31.831331Z"
        }
    },
    {
        "model": "households.Membership",
        "pk": 9,
        "fields": {
            "user": 9,
            "household": 2,
            "organisation": null,
            "membership_type": "fw",
            "role": "teen",
            "status": "active",
            "is_active": true,
            "is_primary": false,
            "created_at": "2025-11-16T10:25:08.822285Z",
            "updated_at": "2025-11-16T10:25:08.822285Z",
            "start_date": "2025-11-16T10:25:31.831331Z"
        }
    },
    {
        "model": "households.Membership",
        "pk": 10,
        "fields": {
            "user": 10,
            "household": 2,
            "organisation": null,
            "membership_type": "fw",
            "role": "teen",
            "status": "active",
            "is_active": true,
            "is_primary": false,
            "created_at": "2025-11-16T10:25:08.822285Z",
            "updated_at": "2025-11-16T10:25:08.822285Z",
            "start_date": "2025-11-16T10:25:31.831331Z"
        }
    },
    {
        "model": "households.Membership",
        "pk": 11,
        "fields": {
            "user": 11,
            "household": 2,
            "organisation": null,
            "membership_type": "fw",
            "role": "child",
            "status": "active",
            "is_active": true,
            "is_primary": false,
            "created_at": "2025-11-16T10:25:08.822285Z",
            "updated_at": "2025-11-16T10:25:08.822285Z",
            "start_date": "2025-11-16T10:25:31.831331Z"
        }
    },
    {
        "model": "households.Membership",
        "pk": 12,
        "fields": {
            "user": 12,
            "household": 2,
            "organisation": null,
            "membership_type": "fw",
            "role": "child",
            "status": "active",
            "is_active": true,
            "is_primary": false,
            "created_at": "2025-11-16T10:25:08.822285Z",
            "updated_at": "2025-11-16T10:25:08.822285Z",
            "start_date": "2025-11-16T10:25:31.831331Z"
        }
    },
    {
        "model": "households.Membership",
        "pk": 13,
        "fields": {
            "user": 13,
            "household": 3,
            "organisation": 1,
            "membership_type": "fw",
            "role": "admin",
            "status": "active",
            "is_active": true,
            "is_primary": true,
            "created_at": "2025-11-16T10:25:08.822285Z",
            "updated_at": "2025-11-16T10:25:08.822285Z",
            "start_date": "2025-11-16T10:25:31.831331Z"
        }
    },
    {
        "model": "households.Membership",
        "pk": 14,
        "fields": {
            "user": 14,
            "household": 3,
            "organisation": 1,
            "membership_type": "fw",
            "role": "admin",
            "status": "active",
            "is_active": true,
            "is_primary": false,
            "created_at": "2025-11-16T10:25:08.822285Z",
            "updated_at": "2025-11-16T10:25:08.822285Z",
            "start_date": "2025-11-16T10:25:31.831331Z"
        }
    },
    {
        "model": "households.Membership",
        "pk": 15,
        "fields": {
            "user": 15,
            "household": 4,
            "organisation": 2,
            "membership_type": "fw",
            "role": "admin",
            "status": "active",
            "is_active": true,
            "is_primary": true,
            "created_at": "2025-11-16T10:25:08.822285Z",
            "updated_at": "2025-11-16T10:25:08.822285Z",
            "start_date": "2025-11-16T10:25:31.831331Z"
        }
    },
    {
        "model": "households.Membership",
        "pk": 16,
        "fields": {
            "user": 16,
            "household": 4,
            "organisation": 2,
            "membership_type": "fw",
            "role": "admin",
            "status": "active",
            "is_active": true,
            "is_primary": false,
            "created_at": "2025-11-16T10:25:08.822285Z",
            "updated_at": "2025-11-16T10:25:08.822285Z",
            "start_date": "2025-11-16T10:25:31.831331Z"
        }
    },
    {
        "model": "households.Membership",
        "pk": 17,
        "fields": {
            "user": 17,
            "household": 5,
            "organisation": 1,
            "membership_type": "sw",
            "role": "flatmate",
            "status": "active",
            "is_active": true,
            "is_primary": true,
            "created_at": "2025-11-16T10:25:08.822285Z",
            "updated_at": "2025-11-16T10:25:08.822285Z",
            "start_date": "2025-11-16T10:25:31.831331Z"
        }
    },
    {
        "model": "households.Membership",
        "pk": 18,
        "fields": {
            "user": 18,
            "household": 5,
            "organisation": 1,
            "membership_type": "sw",
            "role": "flatmate",
            "status": "active",
            "is_active": true,
            "is_primary": false,
            "created_at": "2025-11-16T10:25:08.822285Z",
            "updated_at": "2025-11-16T10:25:08.822285Z",
            "start_date": "2025-11-16T10:25:31.831331Z"
        }
    },
    {
        "model": "households.Membership",
        "pk": 19,
        "fields": {
            "user": 19,
            "household": 5,
            "organisation": 1,
            "membership_type": "sw",
            "role": "flatmate",
            "status": "active",
            "is_active": true,
            "is_primary": false,
            "created_at": "2025-11-16T10:25:08.822285Z",
            "updated_at": "2025-11-16T10:25:08.822285Z",
            "start_date": "2025-11-16T10:25:31.831331Z"
        }
    },
    {
        "model": "households.Membership",
        "pk": 20,
        "fields": {
            "user": 20,
            "household": 5,
            "organisation": 2,
            "membership_type": "sw",
            "role": "flatmate",
            "status": "active",
            "is_active": true,
            "is_primary": false,
            "created_at": "2025-11-16T10:25:08.822285Z",
            "updated_at": "2025-11-16T10:25:08.822285Z",
            "start_date": "2025-11-16T10:25:31.831331Z"
        }
    },
    {
        "model": "households.Membership",
        "pk": 21,
        "fields": {
            "user": 21,
            "household": 5,
            "organisation": 1,
            "membership_type": "sw",
            "role": "flatmate",
            "status": "active",
            "is_active": true,
            "is_primary": false,
            "created_at": "2025-11-16T10:25:08.822285Z",
            "updated_at": "2025-11-16T10:25:08.822285Z",
            "start_date": "2025-11-16T10:25:31.831331Z"
        }
    },
    {
        "model": "households.Membership",
        "pk": 22,
        "fields": {
            "user": 22,
            "household": 5,
            "organisation": 2,
            "membership_type": "sw",
            "role": "flatmate",
            "status": "active",
            "is_active": true,
            "is_primary": false,
            "created_at": "2025-11-16T10:25:08.822285Z",
            "updated_at": "2025-11-16T10:25:08.822285Z",
            "start_date": "2025-11-16T10:25:31.831331Z"
        }
    },
    {
        "model": "households.Membership",
        "pk": 23,
        "fields": {
            "user": 23,
            "household": 6,
            "organisation": 3,
            "membership_type": "sw",
            "role": "flatmate",
            "status": "active",
            "is_active": true,
            "is_primary": true,
            "created_at": "2025-11-16T10:25:08.822285Z",
            "updated_at": "2025-11-16T10:25:08.822285Z",
            "start_date": "2025-11-16T10:25:31.831331Z"
        }
    },
    {
        "model": "households.Membership",
        "pk": 24,
        "fields": {
            "user": 24,
            "household": 6,
            "organisation": 3,
            "membership_type": "sw",
            "role": "flatmate",
            "status": "active",
            "is_active": true,
            "is_primary": false,
            "created_at": "2025-11-16T10:25:08.822285Z",
            "updated_at": "2025-11-16T10:25:08.822285Z",
            "start_date": "2025-11-16T10:25:31.831331Z"
        }
    },
    {
        "model": "households.Membership",
        "pk": 25,
        "fields": {
            "user": 25,
            "household": 6,
            "organisation": 3,
            "membership_type": "sw",
            "role": "flatmate",
            "status": "active",
            "is_active": true,
            "is_primary": false,
            "created_at": "2025-11-16T10:25:08.822285Z",
            "updated_at": "2025-11-16T10:25:08.822285Z",
            "start_date": "2025-11-16T10:25:31.831331Z"
        }
    },
    {
        "model": "households.Membership",
        "pk": 26,
        "fields": {
            "user": 26,
            "household": 6,
            "organisation": 3,
            "membership_type": "sw",
            "role": "flatmate",
            "status": "active",
            "is_active": true,
            "is_primary": false,
            "created_at": "2025-11-16T10:25:08.822285Z",
            "updated_at": "2025-11-16T10:25:08.822285Z",
            "start_date": "2025-11-16T10:25:31.831331Z"
        }
    },
    {
        "model": "households.Membership",
        "pk": 27,
        "fields": {
            "user": 27,
            "household": 6,
            "organisation": 3,
            "membership_type": "sw",
            "role": "flatmate",
            "status": "active",
            "is_active": true,
            "is_primary": false,
            "created_at": "2025-11-16T10:25:08.822285Z",
            "updated_at": "2025-11-16T10:25:08.822285Z",
            "start_date": "2025-11-16T10:25:31.831331Z"
        }
    },
    {
        "model": "households.Membership",
        "pk": 28,
        "fields": {
            "user": 28,
            "household": 7,
            "organisation": 2,
            "membership_type": "sw",
            "role": "flatmate",
            "status": "active",
            "is_active": true,
            "is_primary": true,
            "created_at": "2025-11-16T10:25:08.822285Z",
            "updated_at": "2025-11-16T10:25:08.822285Z",
            "start_date": "2025-11-16T10:25:31.831331Z"
        }
    },
    {
        "model": "households.Membership",
        "pk": 29,
        "fields": {
            "user": 29,
            "household": 7,
            "organisation": 3,
            "membership_type": "sw",
            "role": "flatmate",
            "status": "active",
            "is_active": true,
            "is_primary": false,
            "created_at": "2025-11-16T10:25:08.822285Z",
            "updated_at": "2025-11-16T10:25:08.822285Z",
            "start_date": "2025-11-16T10:25:31.831331Z"
        }
    },
    {
        "model": "households.Membership",
        "pk": 30,
        "fields": {
            "user": 30,
            "household": 7,
            "organisation": 2,
            "membership_type": "sw",
            "role": "flatmate",
            "status": "active",
            "is_active": true,
            "is_primary": false,
            "created_at": "2025-11-16T10:25:08.822285Z",
            "updated_at": "2025-11-16T10:25:08.822285Z",
            "start_date": "2025-11-16T10:25:31.831331Z"
        }
    },
    {
        "model": "households.Membership",
        "pk": 31,
        "fields": {
            "user": 31,
            "household": 7,
            "organisation": null,
            "membership_type": "sw",
            "role": "flatmate",
            "status": "active",
            "is_active": true,
            "is_primary": false,
            "created_at": "2025-11-16T10:25:08.822285Z",
            "updated_at": "2025-11-16T10:25:08.822285Z",
            "start_date": "2025-11-16T10:25:31.831331Z"
        }
    },
    {
        "model": "households.Membership",
        "pk": 32,
        "fields": {
            "user": 32,
            "household": 7,
            "organisation": null,
            "membership_type": "sw",
            "role": "flatmate",
            "status": "active",
            "is_active": true,
            "is_primary": false,
            "created_at": "2025-11-16T10:25:08.822285Z",
            "updated_at": "2025-11-16T10:25:08.822285Z",
            "start_date": "2025-11-16T10:25:31.831331Z"
        }
    },
    {
        "model": "households.Membership",
        "pk": 33,
        "fields": {
            "user": 33,
            "household": 8,
            "organisation": 1,
            "membership_type": "fw",
            "role": "admin",
            "status": "active",
            "is_active": true,
            "is_primary": true,
            "created_at": "2025-11-16T10:25:08.822285Z",
            "updated_at": "2025-11-16T10:25:08.822285Z",
            "start_date": "2025-11-16T10:25:31.831331Z"
        }
    },
    {
        "model": "categories.Category",
        "pk": 1,
        "fields": {
            "household": null,
            "parent": null,
            "name": "Income",
            "category_type": "income",
            "is_system": true,
            "is_active": true,
            "icon": "💰",
            "color": "#10B981",
            "display_order": 1,
            "created_at": "2025-11-16T10:25:08.822285Z",
            "updated_at": "2025-11-16T10:25:08.822285Z"
        }
    },
    {
        "model": "categories.Category",
        "pk": 2,
        "fields": {
            "household": null,
            "parent": null,
            "name": "Housing",
            "category_type": "expense",
            "is_system": true,
            "is_active": true,
            "icon": "🏠",
            "color": "#3B82F6",
            "display_order": 2,
            "created_at": "2025-11-16T10:25:08.822285Z",
            "updated_at": "2025-11-16T10:25:08.822285Z"
        }
    },
    {
        "model": "categories.Category",
        "pk": 3,
        "fields": {
            "household": null,
            "parent": null,
            "name": "Food & Dining",
            "category_type": "expense",
            "is_system": true,
            "is_active": true,
            "icon": "🍽️",
            "color": "#EF4444",
            "display_order": 3,
            "created_at": "2025-11-16T10:25:08.822285Z",
            "updated_at": "2025-11-16T10:25:08.822285Z"
        }
    },
    {
        "model": "categories.Category",
        "pk": 4,
        "fields": {
            "household": null,
            "parent": null,
            "name": "Transportation",
            "category_type": "expense",
            "is_system": true,
            "is_active": true,
            "icon": "🚗",
            "color": "#F59E0B",
            "display_order": 4,
            "created_at": "2025-11-16T10:25:08.822285Z",
            "updated_at": "2025-11-16T10:25:08.822285Z"
        }
    },
    {
        "model": "categories.Category",
        "pk": 5,
        "fields": {
            "household": null,
            "parent": null,
            "name": "Entertainment",
            "category_type": "expense",
            "is_system": true,
            "is_active": true,
            "icon": "🎬",
            "color": "#8B5CF6",
            "display_order": 5,
            "created_at": "2025-11-16T10:25:08.822285Z",
            "updated_at": "2025-11-16T10:25:08.822285Z"
        }
    },
    {
        "model": "categories.Category",
        "pk": 6,
        "fields": {
            "household": null,
            "parent": null,
            "name": "Shopping",
            "category_type": "expense",
            "is_system": true,
            "is_active": true,
            "icon": "🛍️",
            "color": "#EC4899",
            "display_order": 6,
            "created_at": "2025-11-16T10:25:08.822285Z",
            "updated_at": "2025-11-16T10:25:08.822285Z"
        }
    },
    {
        "model": "categories.Category",
        "pk": 7,
        "fields": {
            "household": null,
            "parent": null,
            "name": "Health & Wellness",
            "category_type": "expense",
            "is_system": true,
            "is_active": true,
            "icon": "⚕️",
            "color": "#14B8A6",
            "display_order": 7,
            "created_at": "2025-11-16T10:25:08.822285Z",
            "updated_at": "2025-11-16T10:25:08.822285Z"
        }
    },
    {
        "model": "categories.Category",
        "pk": 8,
        "fields": {
            "household": null,
            "parent": null,
            "name": "Education",
            "category_type": "expense",
            "is_system": true,
            "is_active": true,
            "icon": "📚",
            "color": "#6366F1",
            "display_order": 8,
            "created_at": "2025-11-16T10:25:08.822285Z",
            "updated_at": "2025-11-16T10:25:08.822285Z"
        }
    },
    {
        "model": "categories.Category",
        "pk": 9,
        "fields": {
            "household": null,
            "parent": 2,
            "name": "Rent/Mortgage",
            "category_type": "expense",
            "is_system": true,
            "is_active": true,
            "icon": "🔑",
            "color": "#3B82F6",
            "display_order": 1,
            "created_at": "2025-11-16T10:25:08.822285Z",
            "updated_at": "2025-11-16T10:25:08.822285Z"
        }
    },
    {
        "model": "categories.Category",
        "pk": 10,
        "fields": {
            "household": null,
            "parent": 2,
            "name": "Utilities",
            "category_type": "expense",
            "is_system": true,
            "is_active": true,
            "icon": "💡",
            "color": "#3B82F6",
            "display_order": 2,
            "created_at": "2025-11-16T10:25:08.822285Z",
            "updated_at": "2025-11-16T10:25:08.822285Z"
        }
    },
    {
        "model": "categories.Category",
        "pk": 11,
        "fields": {
            "household": null,
            "parent": 3,
            "name": "Groceries",
            "category_type": "expense",
            "is_system": true,
            "is_active": true,
            "icon": "🛒",
            "color": "#EF4444",
            "display_order": 1,
            "created_at": "2025-11-16T10:25:08.822285Z",
            "updated_at": "2025-11-16T10:25:08.822285Z"
        }
    },
    {
        "model": "categories.Category",
        "pk": 12,
        "fields": {
            "household": null,
            "parent": 3,
            "name": "Restaurants",
            "category_type": "expense",
            "is_system": true,
            "is_active": true,
            "icon": "🍴",
            "color": "#EF4444",
            "display_order": 2,
            "created_at": "2025-11-16T10:25:08.822285Z",
            "updated_at": "2025-11-16T10:25:08.822285Z"
        }
    }
]